order_id,service_type,order_value_qar,delivery_time_min
ORD-1000,Standard,78.8,46.1
ORD-1001,Express,125.5,17.2
ORD-1002,Express,68.9,15.6
ORD-1003,Standard,46.7,38.0
ORD-1004,Standard,79.2,60.0
ORD-1005,Standard,49.9,32.0
ORD-1006,Standard,66.4,43.3
ORD-1007,Express,81.8,17.2
ORD-1008,Express,76.0,20.3
ORD-1009,Express,69.8,23.8
ORD-1010,Standard,70.1,39.7
ORD-1011,Express,85.0,27.9
ORD-1012,Express,162.3,29.9
ORD-1013,Standard,51.0,25.8
ORD-1014,Standard,164.5,39.9
ORD-1015,Standard,50.2,46.5
ORD-1016,Standard,32.4,56.1
ORD-1017,Standard,56.1,41.9
ORD-1018,Standard,79.8,45.8
ORD-1019,Standard,146.4,35.6
ORD-1020,Express,48.5,16.1
ORD-1021,Standard,84.8,59.0
ORD-1022,Standard,41.6,29.6
ORD-1023,Standard,143.9,67.0
ORD-1024,Standard,111.8,52.5
ORD-1025,Express,57.4,26.1
ORD-1026,Standard,119.7,51.2
ORD-1027,Standard,66.2,43.7
ORD-1028,Standard,114.4,49.5
ORD-1029,Standard,69.5,44.3
ORD-1030,Express,70.7,25.5
ORD-1031,Standard,57.9,45.7
ORD-1032,Standard,89.4,37.4
ORD-1033,Express,72.9,19.1
ORD-1034,Express,85.6,18.6
ORD-1035,Express,38.6,27.4
ORD-1036,Standard,116.2,40.4
ORD-1037,Standard,129.3,28.8
ORD-1038,Express,72.8,24.8
ORD-1039,Standard,156.9,59.6
ORD-1040,Standard,139.8,53.0
ORD-1041,Standard,90.3,40.6
ORD-1042,Standard,120.4,31.7
ORD-1043,Express,106.5,22.4
ORD-1044,Standard,35.9,44.6
ORD-1045,Express,62.2,18.6
ORD-1046,Standard,92.9,51.0
ORD-1047,Standard,133.2,62.6
ORD-1048,Standard,40.7,48.0
ORD-1049,Standard,36.6,47.4
ORD-1050,Express,67.8,18.8
ORD-1051,Express,32.8,29.3
ORD-1052,Express,66.9,22.7
ORD-1053,Express,80.6,20.4
ORD-1054,Standard,47.8,46.6
ORD-1055,Express,67.7,25.1
ORD-1056,Standard,102.2,47.3
ORD-1057,Standard,56.0,56.9
ORD-1058,Standard,50.5,49.5
ORD-1059,Standard,66.4,43.4
ORD-1060,Standard,46.1,49.6
ORD-1061,Standard,151.3,50.5
ORD-1062,Express,70.4,17.2
ORD-1063,Standard,52.4,56.3
ORD-1064,Standard,75.7,43.3
ORD-1065,Standard,66.3,43.5
ORD-1066,Standard,63.4,52.8
ORD-1067,Express,56.0,26.4
ORD-1068,Standard,55.0,39.7
ORD-1069,Express,38.9,26.6
ORD-1070,Express,120.3,20.5
ORD-1071,Standard,87.8,62.4
ORD-1072,Standard,78.8,38.5
ORD-1073,Express,65.9,24.1
ORD-1074,Express,47.5,19.5
ORD-1075,Express,51.3,33.0
ORD-1076,Express,40.1,17.4
ORD-1077,Standard,53.5,50.7
ORD-1078,Standard,45.3,39.4
ORD-1079,Standard,136.2,42.8
ORD-1080,Express,99.3,25.0
ORD-1081,Express,71.6,28.5
ORD-1082,Standard,49.2,60.6
ORD-1083,Standard,46.1,32.2
ORD-1084,Standard,64.2,48.4
ORD-1085,Standard,101.1,59.1
ORD-1086,Express,40.4,15.4
ORD-1087,Express,87.3,24.4
ORD-1088,Express,53.4,23.0
ORD-1089,Standard,57.0,49.7
ORD-1090,Standard,70.8,39.0
ORD-1091,Express,49.8,16.5
ORD-1092,Express,63.0,14.4
ORD-1093,Standard,48.4,54.8
ORD-1094,Express,55.0,28.0
ORD-1095,Standard,94.4,48.7
ORD-1096,Standard,72.3,41.2
ORD-1097,Standard,94.2,31.4
ORD-1098,Standard,53.2,51.1
ORD-1099,Standard,87.6,36.1
ORD-1100,Standard,37.5,39.6
ORD-1101,Express,70.8,20.4
ORD-1102,Standard,90.0,44.2
ORD-1103,Standard,37.0,39.2
ORD-1104,Express,53.4,23.2
ORD-1105,Standard,70.8,40.4
ORD-1106,Standard,104.4,52.3
ORD-1107,Express,55.0,27.6
ORD-1108,Standard,86.1,47.0
ORD-1109,Standard,123.9,50.2
ORD-1110,Standard,87.8,65.1
ORD-1111,Standard,63.9,35.4
ORD-1112,Express,80.7,17.4
ORD-1113,Express,54.4,26.1
ORD-1114,Express,71.9,31.8
ORD-1115,Express,65.1,21.8
ORD-1116,Express,79.6,30.8
ORD-1117,Standard,58.7,46.9
ORD-1118,Express,81.5,19.9
ORD-1119,Standard,58.5,37.1
ORD-1120,Express,98.9,25.8
ORD-1121,Express,60.8,18.9
ORD-1122,Standard,33.1,46.7
ORD-1123,Standard,46.6,60.3
ORD-1124,Standard,69.9,43.2
ORD-1125,Standard,135.7,57.8
ORD-1126,Express,97.2,17.5
ORD-1127,Express,31.6,20.6
ORD-1128,Standard,39.3,33.3
ORD-1129,Standard,110.2,46.7
ORD-1130,Standard,89.8,53.0
ORD-1131,Standard,169.5,46.7
ORD-1132,Standard,57.6,57.0
ORD-1133,Standard,49.4,39.3
ORD-1134,Express,71.5,24.0
ORD-1135,Standard,57.2,41.3
ORD-1136,Standard,105.7,49.3
ORD-1137,Express,56.5,25.3
ORD-1138,Standard,62.2,51.2
ORD-1139,Express,47.1,18.2
ORD-1140,Express,94.4,19.0
ORD-1141,Standard,48.1,39.7
ORD-1142,Standard,82.1,43.9
ORD-1143,Standard,146.4,46.8
ORD-1144,Standard,35.7,52.4
ORD-1145,Standard,126.5,38.4
ORD-1146,Express,77.8,15.8
ORD-1147,Standard,44.6,65.4
ORD-1148,Standard,72.6,35.8
ORD-1149,Standard,93.2,53.5
ORD-1150,Express,50.6,23.1
ORD-1151,Standard,84.1,48.3
ORD-1152,Standard,131.4,46.0
ORD-1153,Standard,56.5,42.5
ORD-1154,Express,46.9,25.1
ORD-1155,Standard,65.9,42.1
ORD-1156,Express,71.0,28.2
ORD-1157,Express,108.1,25.6
ORD-1158,Standard,65.1,51.4
ORD-1159,Express,58.4,20.7
ORD-1160,Standard,46.5,43.9
ORD-1161,Express,37.1,17.7
ORD-1162,Express,42.0,21.4
ORD-1163,Standard,41.9,36.7
ORD-1164,Standard,62.5,57.8
ORD-1165,Express,39.0,23.2
ORD-1166,Standard,67.9,47.5
ORD-1167,Standard,144.9,44.0
ORD-1168,Standard,109.5,47.8
ORD-1169,Standard,62.2,68.2
ORD-1170,Express,189.1,21.6
ORD-1171,Standard,71.1,40.1
ORD-1172,Standard,75.2,50.8
ORD-1173,Standard,65.4,23.3
ORD-1174,Express,68.5,23.3
ORD-1175,Standard,55.7,42.7
ORD-1176,Express,62.6,18.5
ORD-1177,Standard,126.9,50.6
ORD-1178,Express,114.8,23.2
ORD-1179,Standard,32.8,29.8
ORD-1180,Standard,40.3,40.2
ORD-1181,Standard,50.8,20.0
ORD-1182,Express,101.5,24.3
ORD-1183,Express,115.9,24.3
ORD-1184,Standard,93.1,38.9
ORD-1185,Express,44.5,25.4
ORD-1186,Express,56.2,17.2
ORD-1187,Standard,84.7,37.3
ORD-1188,Standard,62.9,49.8
ORD-1189,Standard,59.6,39.8
ORD-1190,Standard,60.0,45.4
ORD-1191,Express,110.9,20.5
ORD-1192,Express,88.4,21.2
ORD-1193,Express,61.2,21.3
ORD-1194,Standard,79.3,39.6
ORD-1195,Standard,42.6,48.7
ORD-1196,Express,56.2,20.2
ORD-1197,Express,106.1,23.1
ORD-1198,Express,38.3,19.7
ORD-1199,Express,88.8,16.1
ORD-1200,Express,32.7,27.1
ORD-1201,Standard,136.7,50.5
ORD-1202,Standard,55.7,66.6
ORD-1203,Express,81.7,18.3
ORD-1204,Express,72.7,22.1
ORD-1205,Standard,73.8,44.8
ORD-1206,Standard,78.7,54.9
ORD-1207,Express,36.5,20.7
ORD-1208,Standard,74.4,35.5
ORD-1209,Standard,64.4,56.9
ORD-1210,Standard,55.8,43.2
ORD-1211,Express,50.8,27.0
ORD-1212,Express,75.2,26.4
ORD-1213,Standard,47.1,45.7
ORD-1214,Express,105.3,22.2
ORD-1215,Standard,84.1,42.5
ORD-1216,Standard,77.0,45.9
ORD-1217,Express,103.4,26.9
ORD-1218,Express,35.0,19.4
ORD-1219,Express,42.2,23.5
ORD-1220,Express,85.7,18.0
ORD-1221,Standard,51.9,37.1
ORD-1222,Standard,54.3,45.7
ORD-1223,Standard,40.3,28.4
ORD-1224,Standard,47.1,64.5
ORD-1225,Standard,106.3,35.3
ORD-1226,Express,84.9,22.8
ORD-1227,Standard,74.8,56.5
ORD-1228,Express,55.0,19.1
ORD-1229,Express,72.9,12.6
ORD-1230,Express,110.5,21.0
ORD-1231,Standard,52.3,38.1
ORD-1232,Standard,68.4,25.5
ORD-1233,Standard,140.6,48.6
ORD-1234,Standard,92.6,47.9
ORD-1235,Express,55.3,28.1
ORD-1236,Standard,89.4,35.9
ORD-1237,Standard,38.2,31.6
ORD-1238,Express,67.3,21.2
ORD-1239,Standard,89.4,45.2
ORD-1240,Express,81.0,27.1
ORD-1241,Express,89.0,29.3
ORD-1242,Express,97.4,28.5
ORD-1243,Standard,83.7,48.5
ORD-1244,Standard,82.7,53.2
ORD-1245,Express,75.5,20.1
ORD-1246,Standard,45.3,47.5
ORD-1247,Express,106.3,17.6
ORD-1248,Express,68.3,23.3
ORD-1249,Express,91.6,23.4
ORD-1250,Standard,101.6,61.5
ORD-1251,Standard,56.4,43.9
ORD-1252,Express,58.2,23.4
ORD-1253,Standard,61.2,48.1
ORD-1254,Standard,115.2,41.9
ORD-1255,Standard,48.6,38.8
ORD-1256,Express,124.2,28.8
ORD-1257,Express,75.2,18.6
ORD-1258,Standard,77.4,34.0
ORD-1259,Standard,99.6,52.1
ORD-1260,Express,71.8,28.2
ORD-1261,Express,106.8,21.0
ORD-1262,Standard,56.3,42.1
ORD-1263,Standard,122.3,48.5
ORD-1264,Express,58.0,19.8
ORD-1265,Express,124.5,19.5
ORD-1266,Express,58.5,27.0
ORD-1267,Express,61.9,25.7
ORD-1268,Standard,46.6,57.8
ORD-1269,Standard,51.0,34.7
ORD-1270,Express,68.4,20.7
ORD-1271,Express,76.4,24.3
ORD-1272,Express,103.4,18.8
ORD-1273,Express,63.6,25.9
ORD-1274,Standard,44.6,57.0
ORD-1275,Standard,81.1,40.7
ORD-1276,Express,74.3,23.2
ORD-1277,Express,84.8,29.6
ORD-1278,Express,53.7,31.1
ORD-1279,Express,56.0,26.4
ORD-1280,Express,53.7,25.7
ORD-1281,Standard,112.2,38.3
ORD-1282,Standard,122.9,49.2
ORD-1283,Standard,55.1,51.0
ORD-1284,Standard,55.5,44.1
ORD-1285,Standard,89.8,40.6
ORD-1286,Standard,129.1,34.5
ORD-1287,Standard,142.0,30.4
ORD-1288,Standard,54.2,28.5
ORD-1289,Standard,59.3,51.2
ORD-1290,Standard,78.0,47.3
ORD-1291,Standard,79.5,41.6
ORD-1292,Express,64.6,21.5
ORD-1293,Standard,50.4,47.9
ORD-1294,Standard,68.5,44.5
ORD-1295,Standard,141.9,33.9
ORD-1296,Express,56.3,27.1
ORD-1297,Standard,76.0,48.7
ORD-1298,Express,186.0,24.2
ORD-1299,Standard,56.0,53.5
ORD-1300,Standard,91.6,38.7
ORD-1301,Standard,144.7,56.9
ORD-1302,Standard,88.3,44.7
ORD-1303,Express,108.7,27.0
ORD-1304,Express,96.9,26.3
ORD-1305,Express,85.3,18.3
ORD-1306,Standard,121.1,50.5
ORD-1307,Standard,90.4,48.9
ORD-1308,Express,64.8,23.1
ORD-1309,Standard,73.7,45.2
ORD-1310,Standard,80.7,45.2
ORD-1311,Standard,59.2,53.3
ORD-1312,Standard,75.0,51.2
ORD-1313,Express,70.7,23.1
ORD-1314,Express,90.3,16.3
ORD-1315,Express,162.9,25.2
ORD-1316,Standard,76.8,52.5
ORD-1317,Standard,130.6,66.7
ORD-1318,Standard,88.9,55.7
ORD-1319,Standard,74.9,28.9
ORD-1320,Standard,57.9,46.7
ORD-1321,Express,75.1,31.2
ORD-1322,Express,73.3,25.8
ORD-1323,Standard,52.4,49.0
ORD-1324,Express,55.4,27.1
ORD-1325,Express,80.9,20.2
ORD-1326,Standard,130.0,50.3
ORD-1327,Express,67.6,21.9
ORD-1328,Standard,39.8,45.8
ORD-1329,Standard,31.7,53.5
ORD-1330,Standard,46.3,37.7
ORD-1331,Express,92.6,28.8
ORD-1332,Standard,42.1,42.2
ORD-1333,Standard,98.9,48.3
ORD-1334,Standard,90.4,33.4
ORD-1335,Standard,66.7,52.5
ORD-1336,Express,52.6,29.5
ORD-1337,Express,62.9,20.7
ORD-1338,Standard,80.1,36.0
ORD-1339,Standard,42.6,48.5
ORD-1340,Standard,124.0,59.1
ORD-1341,Standard,79.8,33.0
ORD-1342,Standard,83.6,36.0
ORD-1343,Standard,90.2,41.9
ORD-1344,Standard,118.6,38.6
ORD-1345,Express,75.2,19.3
ORD-1346,Express,92.6,13.6
ORD-1347,Standard,52.9,51.3
ORD-1348,Standard,142.3,49.0
ORD-1349,Express,73.1,15.4
ORD-1350,Standard,52.8,59.1
ORD-1351,Express,57.9,30.6
ORD-1352,Express,34.5,19.6
ORD-1353,Standard,57.8,56.5
ORD-1354,Standard,30.1,40.8
ORD-1355,Express,95.5,23.8
ORD-1356,Standard,82.5,38.5
ORD-1357,Standard,47.3,65.9
ORD-1358,Express,68.1,21.7
ORD-1359,Standard,69.3,47.1
ORD-1360,Standard,44.0,39.8
ORD-1361,Express,63.4,31.4
ORD-1362,Standard,70.2,63.0
ORD-1363,Standard,62.8,60.7
ORD-1364,Express,52.8,27.3
ORD-1365,Standard,46.7,40.4
ORD-1366,Express,61.9,26.7
ORD-1367,Express,55.1,23.0
ORD-1368,Standard,87.6,57.8
ORD-1369,Standard,121.9,56.0
ORD-1370,Standard,101.0,40.2
ORD-1371,Standard,71.1,54.5
ORD-1372,Standard,53.5,52.1
ORD-1373,Express,99.8,12.0
ORD-1374,Standard,89.9,53.2
ORD-1375,Standard,118.0,42.1
ORD-1376,Express,75.2,19.0
ORD-1377,Standard,138.8,38.4
ORD-1378,Express,75.2,22.4
ORD-1379,Standard,53.4,50.3
ORD-1380,Standard,57.1,33.7
ORD-1381,Express,85.9,23.9
ORD-1382,Express,55.1,25.6
ORD-1383,Express,138.3,31.4
ORD-1384,Express,82.9,18.2
ORD-1385,Express,70.5,21.4
ORD-1386,Standard,72.9,48.4
ORD-1387,Standard,62.5,56.3
ORD-1388,Express,37.0,21.6
ORD-1389,Express,57.1,28.4
ORD-1390,Express,130.4,14.3
ORD-1391,Standard,76.1,34.7
ORD-1392,Standard,106.1,49.1
ORD-1393,Express,107.4,16.7
ORD-1394,Standard,68.3,35.4
ORD-1395,Express,90.5,20.6
ORD-1396,Express,38.1,26.5
ORD-1397,Standard,125.6,28.9
ORD-1398,Express,121.0,23.8
ORD-1399,Express,84.9,27.6
ORD-1400,Standard,77.2,44.2
ORD-1401,Express,68.7,21.3
ORD-1402,Standard,111.5,49.6
ORD-1403,Express,95.0,22.1
ORD-1404,Standard,27.7,58.5
ORD-1405,Express,59.9,18.0
ORD-1406,Standard,44.7,45.5
ORD-1407,Standard,41.9,47.9
ORD-1408,Express,111.0,21.3
ORD-1409,Standard,68.1,20.2
ORD-1410,Standard,84.3,44.6
ORD-1411,Express,71.6,27.1
ORD-1412,Express,42.1,26.5
ORD-1413,Standard,38.3,49.2
ORD-1414,Express,58.4,18.1
ORD-1415,Standard,60.3,49.6
ORD-1416,Standard,60.2,40.8
ORD-1417,Standard,60.9,49.2
ORD-1418,Express,157.8,23.5
ORD-1419,Express,105.4,18.6
ORD-1420,Express,76.5,19.0
ORD-1421,Express,67.4,24.6
ORD-1422,Standard,68.4,44.0
ORD-1423,Standard,93.5,38.4
ORD-1424,Standard,67.2,37.7
ORD-1425,Standard,100.7,43.3
ORD-1426,Standard,79.9,60.1
ORD-1427,Express,158.5,20.6
ORD-1428,Standard,65.6,45.9
ORD-1429,Standard,108.7,46.9
ORD-1430,Standard,46.0,35.8
ORD-1431,Express,54.0,15.1
ORD-1432,Express,148.5,18.4
ORD-1433,Standard,98.8,48.2
ORD-1434,Standard,84.9,46.8
ORD-1435,Express,177.9,26.2
ORD-1436,Standard,67.8,46.9
ORD-1437,Express,108.6,22.5
ORD-1438,Express,112.1,20.3
ORD-1439,Standard,133.4,54.0
ORD-1440,Standard,44.2,37.7
ORD-1441,Express,67.6,18.0
ORD-1442,Standard,79.4,51.1
ORD-1443,Standard,132.4,34.0
ORD-1444,Express,83.5,33.9
ORD-1445,Express,112.2,23.4
ORD-1446,Express,43.0,24.6
ORD-1447,Express,61.5,19.4
ORD-1448,Standard,120.8,43.2
ORD-1449,Standard,64.7,42.2
